"SitRecID","kba","ovl","year","random","nPAs","DOMAIN","range_countries","RangeName","COUNTRY","multiple_ranges","all_gmba_intersec","in_gmba","mountain","terrestrial","note","percPA"
19,474631265.444898,10671868.4987069,1993,FALSE,1,"17929","AND","Massif de l'Hospitalet","AND",TRUE,"17916;17917;17929;17930;17969",TRUE,1,1,"",0.0224845459531697
19,474631265.444898,58945850.4979136,2000,FALSE,4,"17929","AND","Massif de l'Hospitalet","AND",TRUE,"17916;17917;17929;17930;17969",TRUE,1,1,"",0.124192936263186
19,474631265.444898,15293752.7682602,2003,FALSE,1,"17929","AND","Massif de l'Hospitalet","AND",TRUE,"17916;17917;17929;17930;17969",TRUE,1,1,"",0.0322223879497793
19,474631265.444898,827.83093229356,2012,FALSE,1,"17929","AND","Massif de l'Hospitalet","AND",TRUE,"17916;17917;17929;17930;17969",TRUE,1,1,"",1.74415592179244e-06
19,474631265.444898,38894870.2130657,2013,FALSE,1,"17929","AND","Massif de l'Hospitalet","AND",TRUE,"17916;17917;17929;17930;17969",TRUE,1,1,"",0.0819475518044673
19,474631265.444898,2774.86677185955,2014,FALSE,1,"17929","AND","Massif de l'Hospitalet","AND",TRUE,"17916;17917;17929;17930;17969",TRUE,1,1,"",5.84636321684058e-06
6952,5802187665.81872,4627607128.24407,1949,FALSE,1,"13032","TUN","Chaîne du Thaljah","TUN",FALSE,"13032",TRUE,0,1,"",0.797562470360236
6952,5802187665.81872,10601728.5762609,2007,FALSE,3,"13032","TUN","Chaîne du Thaljah","TUN",FALSE,"13032",TRUE,0,1,"",0.00182719504898416
6952,5802187665.81872,2083998.18831466,2010,FALSE,1,"13032","TUN","Chaîne du Thaljah","TUN",FALSE,"13032",TRUE,0,1,"",0.000359174557657228
6945,247669350.103035,162616285.909707,1980,FALSE,1,"13032","TUN","Chaîne du Thaljah","TUN",FALSE,"13032",TRUE,1,1,"",0.65658623419513
6946,16432012.0507259,14033835.134803,2012,FALSE,2,"13032","TUN","Chaîne du Thaljah","TUN",FALSE,"13032",TRUE,1,1,"",0.854054579042437
6947,243577563.904598,0,0,FALSE,0,"13032","TUN","Chaîne du Thaljah","TUN",NA,NA,NA,1,1,"no pas overlapping this kba",0
6950,41712569.68012,20316135.346213,2007,FALSE,2,"13032","TUN","Chaîne du Thaljah","TUN",FALSE,"13032",TRUE,0,1,"",0.487050678057257
6948,230757509.908794,148134195.735448,2007,FALSE,2,"13032","TUN","Chaîne du Thaljah","TUN",FALSE,"13032",TRUE,0,1,"",0.641947452951793
6956,2587763.28801625,643038.513772665,1949,FALSE,1,"99999","TUN;ASM;CYP;PSE","NA","TUN",FALSE,NA,FALSE,0,1,"",0.248492014996322
6956,2587763.28801625,939.878043429195,2007,FALSE,1,"99999","TUN;ASM;CYP;PSE","NA","TUN",FALSE,NA,FALSE,0,1,"",0.000363200934096911
6957,167537.268854769,0,0,FALSE,0,"99999","TUN;ASM;CYP;PSE","NA","TUN",NA,NA,NA,0,1,"no pas overlapping this kba",0
6959,640230.59903964,137715.161203049,2007,FALSE,2,"99999","TUN;ASM;CYP;PSE","NA","TUN",FALSE,NA,FALSE,0,1,"",0.215102435606209
6960,1422534039.34548,1367936014.67751,1994,FALSE,1,"99999","TUN;ASM;CYP;PSE","NA","TUN",FALSE,NA,FALSE,0,1,"",0.961619178762789
6962,64494711.6333875,63255930.0221092,1993,TRUE,1,"99999","TUN;ASM;CYP;PSE","NA","TUN",FALSE,NA,FALSE,0,1,"",0.980792508720404
6958,1543718.38044849,1030356.39695525,1949,FALSE,1,"99999","TUN;ASM;CYP;PSE","NA","TUN",FALSE,NA,FALSE,0,1,"",0.667451013089513
6958,1543718.38044849,488.685183118912,2007,FALSE,1,"99999","TUN;ASM;CYP;PSE","NA","TUN",FALSE,NA,FALSE,0,1,"",0.000316563687592381
31296,79377.5845735029,79377.5845735029,1973,FALSE,1,"99999","TUN;ASM;CYP;PSE","NA","ASM",FALSE,NA,FALSE,0,1,"",1
31297,3888158.83892132,0,0,FALSE,0,"99999","TUN;ASM;CYP;PSE","NA","ASM",NA,NA,NA,0,1,"no pas overlapping this kba",0
31344,15639573862.2567,6670368.69598924,1973,FALSE,1,"99999","TUN;ASM;CYP;PSE","NA","ASM",FALSE,NA,FALSE,NA,NA,"",0.000426505783005188
31344,15639573862.2567,7048.15441572984,2009,FALSE,1,"99999","TUN;ASM;CYP;PSE","NA","ASM",FALSE,NA,FALSE,NA,NA,"",4.50661538338926e-07
31347,50601049.5758451,0,0,FALSE,0,"99999","TUN;ASM;CYP;PSE","NA","ASM",NA,NA,NA,NA,NA,"no pas overlapping this kba",0
24487,3532286.46957764,2722207.51946643,2009,FALSE,1,"99999","TUN;ASM;CYP;PSE","NA","CYP",FALSE,NA,FALSE,0,1,"",0.770664424562351
24487,3532286.46957764,841.928967616449,2011,FALSE,1,"99999","TUN;ASM;CYP;PSE","NA","CYP",FALSE,NA,FALSE,0,1,"",0.000238352402860779
301,3790265.5347834,1711894.48173121,2008,FALSE,1,"99999","TUN;ASM;CYP;PSE","NA","CYP",FALSE,NA,FALSE,0,1,"",0.451655554477937
24491,698789.449106912,93418.961927794,1984,FALSE,1,"99999","TUN;ASM;CYP;PSE","NA","CYP",FALSE,NA,FALSE,0,1,"",0.133686852380482
24491,698789.449106912,576883.976862846,2008,FALSE,1,"99999","TUN;ASM;CYP;PSE","NA","CYP",FALSE,NA,FALSE,0,1,"",0.825547634699026
24491,698789.449106912,1615.365264897,2014,FALSE,1,"99999","TUN;ASM;CYP;PSE","NA","CYP",FALSE,NA,FALSE,0,1,"",0.00231166235689666
24491,698789.449106912,64.417604078626,2018,FALSE,1,"99999","TUN;ASM;CYP;PSE","NA","CYP",FALSE,NA,FALSE,0,1,"",9.21845688439558e-05
29,12098904.9424743,4401864.46248929,1993,FALSE,1,"99999","TUN;ASM;CYP;PSE","NA","CYP",FALSE,NA,FALSE,0,1,"",0.363823377687361
29,12098904.9424743,4512084.32331667,2007,FALSE,1,"99999","TUN;ASM;CYP;PSE","NA","CYP",FALSE,NA,FALSE,0,1,"",0.372933281546547
29,12098904.9424743,2813.35670873503,2008,FALSE,1,"99999","TUN;ASM;CYP;PSE","NA","CYP",FALSE,NA,FALSE,0,1,"",0.000232529863000948
29,12098904.9424743,364050.581126954,2014,FALSE,1,"99999","TUN;ASM;CYP;PSE","NA","CYP",FALSE,NA,FALSE,0,1,"",0.0300895480093345
29,12098904.9424743,386.166310025102,2016,FALSE,1,"99999","TUN;ASM;CYP;PSE","NA","CYP",FALSE,NA,FALSE,0,1,"",3.19174596264024e-05
31300,4479495.31979275,0,0,FALSE,0,"99999","TUN;ASM;CYP;PSE","NA","CYP",NA,NA,NA,0,1,"no pas overlapping this kba",0
6918,81441378.826623,70723682.4245662,2001,FALSE,2,"99999","TUN;ASM;CYP;PSE","NA","TUN",FALSE,NA,FALSE,0,1,"",0.868399865566211
6924,1480922.98065792,1275149.7659834,2013,FALSE,2,"99999","TUN;ASM;CYP;PSE","NA","TUN",FALSE,NA,FALSE,0,1,"",0.861050697867418
6931,3771319.59863463,2416247.03915359,2007,FALSE,2,"99999","TUN;ASM;CYP;PSE","NA","TUN",FALSE,NA,FALSE,0,1,"",0.640690075704102
46622,22570671.5851445,10627240.7423807,2012,FALSE,2,"99999","TUN;ASM;CYP;PSE","NA","TUN",FALSE,NA,FALSE,0,1,"",0.470842912329437
6936,13889576.9344146,0,0,FALSE,0,"99999","TUN;ASM;CYP;PSE","NA","TUN",NA,NA,NA,0,1,"no pas overlapping this kba",0
6937,135586259.104095,103499659.63498,1993,FALSE,2,"99999","TUN;ASM;CYP;PSE","NA","TUN",FALSE,NA,FALSE,0,1,"",0.763349179473411
6939,999518.385245338,0,0,FALSE,0,"99999","TUN;ASM;CYP;PSE","NA","TUN",NA,NA,NA,0,1,"no pas overlapping this kba",0
6941,443763795.847615,358656455.163794,1954,FALSE,1,"99999","TUN;ASM;CYP;PSE","NA","TUN",FALSE,NA,FALSE,0,1,"",0.808214772182436
6941,443763795.847615,21713.8581263252,2012,FALSE,1,"99999","TUN;ASM;CYP;PSE","NA","TUN",FALSE,NA,FALSE,0,1,"",4.89311168002122e-05
6943,153330878.985735,30199028.5889498,2012,FALSE,2,"99999","TUN;ASM;CYP;PSE","NA","TUN",FALSE,NA,FALSE,0,1,"",0.196953339005898
6944,336704295.088604,16824356.8713999,2007,FALSE,2,"99999","TUN;ASM;CYP;PSE","NA","TUN",FALSE,NA,FALSE,0,1,"",0.0499677524665153
6949,159328421.66305,58127221.3854618,1979,FALSE,1,"99999","TUN;ASM;CYP;PSE","NA","TUN",FALSE,NA,FALSE,0,1,"",0.364826443259384
6949,159328421.66305,4310.03722279484,1993,FALSE,1,"99999","TUN;ASM;CYP;PSE","NA","TUN",FALSE,NA,FALSE,0,1,"",2.70512767138921e-05
6949,159328421.66305,4310.03722279484,2001,FALSE,1,"99999","TUN;ASM;CYP;PSE","NA","TUN",FALSE,NA,FALSE,0,1,"",2.70512767138921e-05
6949,159328421.66305,4310.03722279484,2007,FALSE,1,"99999","TUN;ASM;CYP;PSE","NA","TUN",FALSE,NA,FALSE,0,1,"",2.70512767138921e-05
6951,16159937.0020867,6246794.77453646,2012,FALSE,2,"99999","TUN;ASM;CYP;PSE","NA","TUN",FALSE,NA,FALSE,0,1,"",0.386560589544987
6955,503599857.603674,60564617.9977957,2007,FALSE,4,"99999","TUN;ASM;CYP;PSE","NA","TUN",FALSE,NA,FALSE,0,1,"",0.120263373953253
6955,503599857.603674,369150318.433375,2012,FALSE,2,"99999","TUN;ASM;CYP;PSE","NA","TUN",FALSE,NA,FALSE,0,1,"",0.733023079454266
6961,249622271.393488,238277339.056068,1948,FALSE,1,"99999","TUN;ASM;CYP;PSE","NA","TUN",FALSE,NA,FALSE,0,1,"",0.954551602010156
6961,249622271.393488,8695.74164950065,2007,FALSE,1,"99999","TUN;ASM;CYP;PSE","NA","TUN",FALSE,NA,FALSE,0,1,"",3.48356002088982e-05
29326,2100288.38474965,1540614.33857606,2012,FALSE,2,"99999","TUN;ASM;CYP;PSE","NA","TUN",FALSE,NA,FALSE,0,1,"",0.733525143386296
29259,6590424.51825455,0,0,FALSE,0,"99999","TUN;ASM;CYP;PSE","NA","TUN",NA,NA,NA,0,1,"no pas overlapping this kba",0
31716,19098845.0638432,0,0,FALSE,0,"99999","TUN;ASM;CYP;PSE","NA","TUN",NA,NA,NA,0,1,"no pas overlapping this kba",0
6954,72962463.219192,5758745.72027781,2013,FALSE,2,"99999","TUN;ASM;CYP;PSE","NA","TUN",FALSE,NA,FALSE,0,1,"",0.0789275123974026
31701,35696548.8154313,0,0,FALSE,0,"99999","TUN;ASM;CYP;PSE","NA","TUN",NA,NA,NA,0,1,"no pas overlapping this kba",0
6953,213558592.192491,76543720.062672,2007,FALSE,6,"99999","TUN;ASM;CYP;PSE","NA","TUN",FALSE,NA,FALSE,0,1,"",0.358420231547881
46652,484055245.484309,12243973.0211089,2007,FALSE,6,"99999","TUN;ASM;CYP;PSE","NA","TUN",FALSE,NA,FALSE,0,1,"",0.025294577706432
6934,18391263.6316863,10588396.6808084,2012,FALSE,2,"99999","TUN;ASM;CYP;PSE","NA","TUN",FALSE,NA,FALSE,0,1,"",0.575729699321241
6935,4166268.10722014,29245.8165301654,2012,FALSE,2,"99999","TUN;ASM;CYP;PSE","NA","TUN",FALSE,NA,FALSE,0,1,"",0.00701966742838331
6938,13003775.9972405,9376594.74142538,2012,FALSE,2,"99999","TUN;ASM;CYP;PSE","NA","TUN",FALSE,NA,FALSE,0,1,"",0.72106707647188
20519,18358570.5318513,2353176.56401532,1993,TRUE,1,"99999","TUN;ASM;CYP;PSE","NA","PSE",FALSE,NA,FALSE,0,1,"",0.128178637870125
31293,11499255.7310433,16741.9577161737,2003,FALSE,1,"18801","ASM","Tutuila","ASM",FALSE,"18801",TRUE,0,1,"",0.00145591663562862
31294,22136704.2580217,0,0,FALSE,0,"18802","ASM","Tau","ASM",NA,NA,NA,1,1,"no pas overlapping this kba",0
31334,2488902163.05491,381608.910368881,1994,FALSE,1,"18802","ASM","Tau","ASM",TRUE,"18802;18803",TRUE,NA,NA,"",0.000153324190895671
17,6337362.02126727,0,0,FALSE,0,"15061","GIB","Sierras del Ojon, de la Luna, del Niño y del Cabrito","GIB",NA,NA,NA,1,1,"no PAs in this range",0
18,171062537.507313,0,0,FALSE,0,"15061","GIB","Sierras del Ojon, de la Luna, del Niño y del Cabrito","GIB",NA,NA,NA,0,1,"no PAs in this range",0
30,21482298.9883478,11055034.5721457,2001,FALSE,1,"11651","CYP","Troödos Mountains","CYP",FALSE,"11651",TRUE,0,1,"",0.514611335506599
30,21482298.9883478,4566987.16033387,2005,FALSE,1,"11651","CYP","Troödos Mountains","CYP",FALSE,"11651",TRUE,0,1,"",0.212593035913477
30,21482298.9883478,3778.50742283353,2008,FALSE,1,"11651","CYP","Troödos Mountains","CYP",FALSE,"11651",TRUE,0,1,"",0.000175889341493805
24493,94058733.6045031,89271962.7546473,1992,FALSE,5,"11651","CYP","Troödos Mountains","CYP",FALSE,"11651",TRUE,1,1,"",0.949108704036106
24493,94058733.6045031,922732.211901867,2005,FALSE,1,"11651","CYP","Troödos Mountains","CYP",FALSE,"11651",TRUE,1,1,"",0.00981017048115659
24493,94058733.6045031,5667.17737305592,2008,FALSE,1,"11651","CYP","Troödos Mountains","CYP",FALSE,"11651",TRUE,1,1,"",6.02514743275748e-05
24493,94058733.6045031,3871922.21857553,2014,FALSE,2,"11651","CYP","Troödos Mountains","CYP",FALSE,"11651",TRUE,1,1,"",0.0411649409916164
34,95655227.1552398,0.134014157930054,2005,FALSE,1,"11651","CYP","Troödos Mountains","CYP",FALSE,"11651",TRUE,1,1,"",1.40101238495374e-09
34,95655227.1552398,21850484.6210153,2007,FALSE,3,"11651","CYP","Troödos Mountains","CYP",FALSE,"11651",TRUE,1,1,"",0.2284295931424
34,95655227.1552398,41130050.3428675,2008,FALSE,3,"11651","CYP","Troödos Mountains","CYP",FALSE,"11651",TRUE,1,1,"",0.429982255712144
34,95655227.1552398,19731302.5325863,2014,FALSE,1,"11651","CYP","Troödos Mountains","CYP",FALSE,"11651",TRUE,1,1,"",0.206275214845961
34,95655227.1552398,110.857168753002,2015,FALSE,1,"11651","CYP","Troödos Mountains","CYP",FALSE,"11651",TRUE,1,1,"",1.15892431652575e-06
34,95655227.1552398,1822.3783450687,2016,FALSE,2,"11651","CYP","Troödos Mountains","CYP",FALSE,"11651",TRUE,1,1,"",1.90515291141501e-05
34,95655227.1552398,46.914905994581,2019,FALSE,1,"11651","CYP","Troödos Mountains","CYP",FALSE,"11651",TRUE,1,1,"",4.90458361657982e-07
24488,877686.383408087,852010.248225277,2005,FALSE,1,"11651","CYP","Troödos Mountains","CYP",FALSE,"11651",TRUE,0,1,"",0.970745660787047
24488,877686.383408087,574.713742498132,2015,FALSE,1,"11651","CYP","Troödos Mountains","CYP",FALSE,"11651",TRUE,0,1,"",0.000654805353441281
31311,15573257.7965884,0.010943448057759,2005,FALSE,1,"11651","CYP","Troödos Mountains","CYP",FALSE,"11651",TRUE,1,1,"",7.02707692937338e-10
31311,15573257.7965884,15573252.430708,2008,FALSE,2,"11651","CYP","Troödos Mountains","CYP",FALSE,"11651",TRUE,1,1,"",0.999999655442654
31305,74981515.4503642,19907892.617909,2008,FALSE,2,"11651","CYP","Troödos Mountains","CYP",FALSE,"11651",TRUE,1,1,"",0.265504004531456
31305,74981515.4503642,408.968443799611,2014,FALSE,1,"11651","CYP","Troödos Mountains","CYP",FALSE,"11651",TRUE,1,1,"",5.45425684374621e-06
31305,74981515.4503642,43005995.3844261,2019,FALSE,1,"11651","CYP","Troödos Mountains","CYP",FALSE,"11651",TRUE,1,1,"",0.573554630446152
26,642344656.80751,33312484.3575239,2000,FALSE,1,"11651","CYP","Troödos Mountains","CYP",FALSE,"11651",TRUE,1,1,"",0.0518607635394507
26,642344656.80751,569477907.907628,2005,FALSE,1,"11651","CYP","Troödos Mountains","CYP",FALSE,"11651",TRUE,1,1,"",0.886561290535157
26,642344656.80751,0.512628292273057,2007,FALSE,2,"11651","CYP","Troödos Mountains","CYP",FALSE,"11651",TRUE,1,1,"",7.98058000234406e-10
26,642344656.80751,14673.2657431651,2008,FALSE,3,"11651","CYP","Troödos Mountains","CYP",FALSE,"11651",TRUE,1,1,"",2.28432907282082e-05
26,642344656.80751,39566546.8032832,2014,FALSE,2,"11651","CYP","Troödos Mountains","CYP",FALSE,"11651",TRUE,1,1,"",0.0615970669078673
31304,32056745.7978875,223107.794856237,1992,FALSE,1,"11651","CYP","Troödos Mountains","CYP",FALSE,"11651",TRUE,1,1,"",0.00695977677406481
31304,32056745.7978875,31833511.7020427,2007,FALSE,1,"11651","CYP","Troödos Mountains","CYP",FALSE,"11651",TRUE,1,1,"",0.993036283306725
27,170620307.85365,16578.6205758199,1992,FALSE,1,"11651","CYP","Troödos Mountains","CYP",FALSE,"11651",TRUE,1,1,"",9.71667486969969e-05
27,170620307.85365,10318269.2950313,2000,FALSE,1,"11651","CYP","Troödos Mountains","CYP",FALSE,"11651",TRUE,1,1,"",0.0604750362066031
27,170620307.85365,1061.68661953394,2005,FALSE,1,"11651","CYP","Troödos Mountains","CYP",FALSE,"11651",TRUE,1,1,"",6.22251027963568e-06
27,170620307.85365,124287042.043186,2007,FALSE,1,"11651","CYP","Troödos Mountains","CYP",FALSE,"11651",TRUE,1,1,"",0.728442256415302
27,170620307.85365,16806648.6456799,2008,FALSE,3,"11651","CYP","Troödos Mountains","CYP",FALSE,"11651",TRUE,1,1,"",0.0985032136977258
27,170620307.85365,19200698.2710177,2014,FALSE,4,"11651","CYP","Troödos Mountains","CYP",FALSE,"11651",TRUE,1,1,"",0.112534659634345
24494,104106426.214511,44551342.3358063,2004,FALSE,1,"11651","CYP","Troödos Mountains","CYP",FALSE,"11651",TRUE,1,1,"",0.427940367907823
24494,104106426.214511,25115810.6913989,2008,FALSE,2,"11651","CYP","Troödos Mountains","CYP",FALSE,"11651",TRUE,1,1,"",0.241251300276584
24494,104106426.214511,13879162.9857378,2014,FALSE,3,"11651","CYP","Troödos Mountains","CYP",FALSE,"11651",TRUE,1,1,"",0.133317063032591
24494,104106426.214511,2442.5447402042,2015,FALSE,1,"11651","CYP","Troödos Mountains","CYP",FALSE,"11651",TRUE,1,1,"",2.3461997774963e-05
31314,47903589.4927399,269803.484832395,2004,FALSE,1,"11651","CYP","Troödos Mountains","CYP",FALSE,"11651",TRUE,1,1,"",0.00563221853914069
31314,47903589.4927399,39865054.1135126,2007,FALSE,1,"11651","CYP","Troödos Mountains","CYP",FALSE,"11651",TRUE,1,1,"",0.832193464741392
31314,47903589.4927399,680.98238908955,2008,FALSE,2,"11651","CYP","Troödos Mountains","CYP",FALSE,"11651",TRUE,1,1,"",1.42156860540223e-05
31314,47903589.4927399,2213350.75687472,2014,FALSE,1,"11651","CYP","Troödos Mountains","CYP",FALSE,"11651",TRUE,1,1,"",0.0462042778069934
31309,17463131.3491442,17463131.2960751,2007,FALSE,1,"11651","CYP","Troödos Mountains","CYP",FALSE,"11651",TRUE,1,1,"",0.999999996961075
31306,45245274.9012433,37204236.2642552,2007,FALSE,1,"11651","CYP","Troödos Mountains","CYP",FALSE,"11651",TRUE,0,1,"",0.822278930683054
24490,931327.601331369,564670.896331599,2009,FALSE,1,"11651","CYP","Troödos Mountains","CYP",FALSE,"11651",TRUE,0,1,"",0.606307485705761
24490,931327.601331369,189.659782015806,2014,FALSE,1,"11651","CYP","Troödos Mountains","CYP",FALSE,"11651",TRUE,0,1,"",0.000203644541131048
31310,23512382.9658173,17833176.8710136,2008,FALSE,1,"11651","CYP","Troödos Mountains","CYP",FALSE,"11651",TRUE,1,1,"",0.758458931914292
31310,23512382.9658173,5683799.6014424,2014,FALSE,1,"11651","CYP","Troödos Mountains","CYP",FALSE,"11651",TRUE,1,1,"",0.241736433508488
31315,79019545.3782079,69806334.3402307,2007,FALSE,2,"11651","CYP","Troödos Mountains","CYP",FALSE,"11651",TRUE,1,1,"",0.88340592199208
31315,79019545.3782079,3120.08413848691,2008,FALSE,1,"11651","CYP","Troödos Mountains","CYP",FALSE,"11651",TRUE,1,1,"",3.94849669604321e-05
31315,79019545.3782079,9222857.13419314,2014,FALSE,3,"11651","CYP","Troödos Mountains","CYP",FALSE,"11651",TRUE,1,1,"",0.116716150289782
24492,88108404.0757708,0.918545958404167,2005,FALSE,1,"11651","CYP","Troödos Mountains","CYP",FALSE,"11651",TRUE,1,1,"",1.0425179845662e-08
24492,88108404.0757708,62688995.0500647,2007,FALSE,3,"11651","CYP","Troödos Mountains","CYP",FALSE,"11651",TRUE,1,1,"",0.711498474040614
24492,88108404.0757708,694739.140405886,2008,FALSE,3,"11651","CYP","Troödos Mountains","CYP",FALSE,"11651",TRUE,1,1,"",0.00788504964643814
24492,88108404.0757708,24731526.8621041,2014,FALSE,2,"11651","CYP","Troödos Mountains","CYP",FALSE,"11651",TRUE,1,1,"",0.280694300634882
24,22878769.6976964,7925318.88887341,2007,FALSE,1,"11651","CYP","Troödos Mountains","CYP",FALSE,"11651",TRUE,0,1,"",0.346404941943682
24,22878769.6976964,872883.213740955,2014,FALSE,1,"11651","CYP","Troödos Mountains","CYP",FALSE,"11651",TRUE,0,1,"",0.0381525416477636
24,22878769.6976964,13901903.5567418,2016,FALSE,1,"11651","CYP","Troödos Mountains","CYP",FALSE,"11651",TRUE,0,1,"",0.607633353560156
31303,29265082.7582502,29265087.3032492,2008,FALSE,1,"11651","CYP","Troödos Mountains","CYP",FALSE,"11651",TRUE,1,1,"",1.0000001553045
25,207867671.595404,1009478.09654892,1989,FALSE,2,"11651","CYP","Troödos Mountains","CYP",FALSE,"11651",TRUE,1,1,"",0.00485634966130653
25,207867671.595404,12043392.5119647,2007,FALSE,1,"11651","CYP","Troödos Mountains","CYP",FALSE,"11651",TRUE,1,1,"",0.0579377852242751
25,207867671.595404,99216152.7790042,2008,FALSE,2,"11651","CYP","Troödos Mountains","CYP",FALSE,"11651",TRUE,1,1,"",0.477304392826027
25,207867671.595404,2187073.88551727,2009,FALSE,1,"11651","CYP","Troödos Mountains","CYP",FALSE,"11651",TRUE,1,1,"",0.0105214719957715
25,207867671.595404,960.470963469255,2013,FALSE,1,"11651","CYP","Troödos Mountains","CYP",FALSE,"11651",TRUE,1,1,"",4.62058845465266e-06
25,207867671.595404,80123108.2576541,2014,FALSE,7,"11651","CYP","Troödos Mountains","CYP",FALSE,"11651",TRUE,1,1,"",0.385452473887361
25,207867671.595404,5050.75808285988,2016,FALSE,1,"11651","CYP","Troödos Mountains","CYP",FALSE,"11651",TRUE,1,1,"",2.42979489984894e-05
24489,78975394.4660021,21405752.8392349,2003,FALSE,1,"11651","CYP","Troödos Mountains","CYP",FALSE,"11651",TRUE,0,1,"",0.271043316516131
24489,78975394.4660021,40678072.7643681,2016,FALSE,3,"11651","CYP","Troödos Mountains","CYP",FALSE,"11651",TRUE,0,1,"",0.515072739293243
24495,9476683.47970519,9476425.99097046,2005,FALSE,1,"11651","CYP","Troödos Mountains","CYP",FALSE,"11651",TRUE,1,1,"",0.999972829235536
31307,28942221.51776,4378308.78688756,2008,FALSE,1,"11651","CYP","Troödos Mountains","CYP",FALSE,"11651",TRUE,1,1,"",0.151277564654146
31307,28942221.51776,24504898.1561395,2013,FALSE,1,"11651","CYP","Troödos Mountains","CYP",FALSE,"11651",TRUE,1,1,"",0.846683387489881
33,7447332.99480165,402597.189538153,2001,FALSE,1,"11651","CYP","Troödos Mountains","CYP",FALSE,"11651",TRUE,0,1,"",0.054059243734525
33,7447332.99480165,3576463.77370684,2005,FALSE,1,"11651","CYP","Troödos Mountains","CYP",FALSE,"11651",TRUE,0,1,"",0.480234169225851
33,7447332.99480165,2180.484000641,2008,FALSE,1,"11651","CYP","Troödos Mountains","CYP",FALSE,"11651",TRUE,0,1,"",0.000292787230296135
33,7447332.99480165,3468789.29714203,2014,FALSE,2,"11651","CYP","Troödos Mountains","CYP",FALSE,"11651",TRUE,0,1,"",0.46577604352636
31312,97963898.0155495,0,0,FALSE,0,"18709","CYP","Pentadactylos","CYP",NA,NA,NA,0,1,"no overlaps btwn PAs and kbas in this range",0
21,263953862.183451,0,0,FALSE,0,"18709","CYP","Pentadactylos","CYP",NA,NA,NA,1,1,"no overlaps btwn PAs and kbas in this range",0
31301,5925256.02696583,0,0,FALSE,0,"18709","CYP","Pentadactylos","CYP",NA,NA,NA,0,1,"no overlaps btwn PAs and kbas in this range",0
31308,182291462.757344,0,0,FALSE,0,"18709","CYP","Pentadactylos","CYP",NA,NA,NA,0,1,"no overlaps btwn PAs and kbas in this range",0
24486,588809586.766453,0,0,FALSE,0,"19457","CYP","Kyrenia Mountains (nn)","CYP",NA,NA,NA,0,1,"no overlaps btwn PAs and kbas in this range",0
6920,1412208956.82487,4253540.3382709,1977,FALSE,1,"19347","TUN","Dorsale tunisienne (nn)","TUN",FALSE,"19347",TRUE,0,1,"",0.00301197660425148
6920,1412208956.82487,77640652.1183078,2001,FALSE,1,"19347","TUN","Dorsale tunisienne (nn)","TUN",FALSE,"19347",TRUE,0,1,"",0.0549781615129184
6921,13574717.9813327,0,0,FALSE,0,"19347","TUN","Dorsale tunisienne (nn)","TUN",NA,NA,NA,1,1,"no pas overlapping this kba",0
6923,817498.786009046,751083.150255466,2012,FALSE,2,"19347","TUN","Dorsale tunisienne (nn)","TUN",FALSE,"19347",TRUE,0,1,"",0.918757511460273
6925,243206.475658857,227996.009690493,2012,FALSE,2,"19347","TUN","Dorsale tunisienne (nn)","TUN",FALSE,"19347",TRUE,0,1,"",0.937458630872563
6927,27051143.1374553,23848250.4549876,2007,FALSE,2,"19347","TUN","Dorsale tunisienne (nn)","TUN",FALSE,"19347",TRUE,0,1,"",0.881598619836773
6928,6354063.77367735,2862312.92072441,2007,FALSE,2,"19347","TUN","Dorsale tunisienne (nn)","TUN",FALSE,"19347",TRUE,0,1,"",0.450469655747234
6929,6844403.08859443,6450758.61329469,2007,FALSE,2,"19347","TUN","Dorsale tunisienne (nn)","TUN",FALSE,"19347",TRUE,0,1,"",0.942486660968914
6930,61754.1037869118,0,0,FALSE,0,"19347","TUN","Dorsale tunisienne (nn)","TUN",NA,NA,NA,0,1,"no pas overlapping this kba",0
6932,777190.95918974,0,0,FALSE,0,"19347","TUN","Dorsale tunisienne (nn)","TUN",NA,NA,NA,0,1,"no pas overlapping this kba",0
6933,15229047.0160284,0,0,FALSE,0,"19347","TUN","Dorsale tunisienne (nn)","TUN",NA,NA,NA,0,1,"no pas overlapping this kba",0
6940,8675666.45948188,7670956.52586996,2012,FALSE,2,"19347","TUN","Dorsale tunisienne (nn)","TUN",FALSE,"19347",TRUE,0,1,"",0.884192189925208
29331,840526.093015319,0,0,FALSE,0,"19347","TUN","Dorsale tunisienne (nn)","TUN",NA,NA,NA,0,1,"no pas overlapping this kba",0
29330,1065616.18568579,0,0,FALSE,0,"19347","TUN","Dorsale tunisienne (nn)","TUN",NA,NA,NA,0,1,"no pas overlapping this kba",0
29328,3187088.28262715,0,0,FALSE,0,"19347","TUN","Dorsale tunisienne (nn)","TUN",NA,NA,NA,0,1,"no pas overlapping this kba",0
29327,181792.240568623,0,0,FALSE,0,"19347","TUN","Dorsale tunisienne (nn)","TUN",NA,NA,NA,0,1,"no pas overlapping this kba",0
29323,5821966.4143415,5502143.10522181,2012,FALSE,2,"19347","TUN","Dorsale tunisienne (nn)","TUN",FALSE,"19347",TRUE,0,1,"",0.945066102007759
29254,1097871.02550262,0,0,FALSE,0,"19347","TUN","Dorsale tunisienne (nn)","TUN",NA,NA,NA,0,1,"no pas overlapping this kba",0
31956,304559.687682897,0,0,FALSE,0,"19347","TUN","Dorsale tunisienne (nn)","TUN",NA,NA,NA,0,1,"no pas overlapping this kba",0
31710,6137109.76130354,1062331.52355052,2007,FALSE,2,"19347","TUN","Dorsale tunisienne (nn)","TUN",FALSE,"19347",TRUE,0,1,"",0.173099645414338
46620,36768280.3378758,18941033.4996188,1987,FALSE,1,"19347","TUN","Dorsale tunisienne (nn)","TUN",FALSE,"19347",TRUE,1,1,"",0.51514602601926
31697,205398823.691767,5412432.03214075,2007,FALSE,2,"19347","TUN","Dorsale tunisienne (nn)","TUN",TRUE,"15752;19347",TRUE,1,1,"",0.0263508423994821
31697,205398823.691767,1317153.78990264,2010,FALSE,1,"19347","TUN","Dorsale tunisienne (nn)","TUN",TRUE,"15752;19347",TRUE,1,1,"",0.00641266471846616
31736,157950869.611302,0,0,FALSE,0,"19347","TUN","Dorsale tunisienne (nn)","TUN",NA,NA,NA,0,1,"no pas overlapping this kba",0
6926,37385875.3414308,34253.5484800476,1993,FALSE,1,"15751","TUN","Monts de Teboursouk","TUN",TRUE,"15751;19347",TRUE,0,1,"",0.000916216302740624
6926,37385875.3414308,34519728.6464958,2013,FALSE,2,"15751","TUN","Monts de Teboursouk","TUN",TRUE,"15751;19347",TRUE,0,1,"",0.92333610838961
29257,38491984.0730919,0,0,FALSE,0,"15751","TUN","Monts de Teboursouk","TUN",NA,NA,NA,0,1,"no pas overlapping this kba",0
46662,8370897.16442982,0,0,FALSE,0,"15751","TUN","Monts de Teboursouk","TUN",NA,NA,NA,1,1,"no pas overlapping this kba",0
6942,76200669.398652,64817819.2520154,1980,FALSE,1,"15752","TUN","Monts de Tebessa","TUN",FALSE,"15752",TRUE,1,1,"",0.850620076746491
31722,81174817.6600898,1936252.10199248,2010,FALSE,1,"15750","TUN","Monts de la Medjerda","TUN",FALSE,"15750",TRUE,0,1,"",0.0238528666624213
46617,19558591.3071231,0,0,FALSE,0,"15750","TUN","Monts de la Medjerda","TUN",NA,NA,NA,0,1,"no pas overlapping this kba",0
46621,4185.89189379662,0,0,FALSE,0,"15750","TUN","Monts de la Medjerda","TUN",NA,NA,NA,1,1,"no pas overlapping this kba",0
31735,239518198.560039,38575988.0506411,2007,FALSE,2,"15750","TUN","Monts de la Medjerda","TUN",FALSE,"15750",TRUE,0,1,"",0.161056605646487
6963,32366680.9232161,26334148.6393378,1990,FALSE,1,"15750","TUN","Monts de la Medjerda","TUN",FALSE,"15750",TRUE,1,1,"",0.813619064055738
31712,217052078.087439,58614.8532984704,1993,FALSE,3,"15750","TUN","Monts de la Medjerda","TUN",FALSE,"15750",TRUE,1,1,"",0.000270049721776253
31712,217052078.087439,123478500.278086,2010,FALSE,1,"15750","TUN","Monts de la Medjerda","TUN",FALSE,"15750",TRUE,1,1,"",0.568888818601141
31712,217052078.087439,1248975.09514904,2011,FALSE,1,"15750","TUN","Monts de la Medjerda","TUN",FALSE,"15750",TRUE,1,1,"",0.00575426462697073
31712,217052078.087439,41157.9331952184,2012,FALSE,2,"15750","TUN","Monts de la Medjerda","TUN",FALSE,"15750",TRUE,1,1,"",0.000189622387207175
46618,72047777.6786332,98018.8080796869,1993,FALSE,1,"15750","TUN","Monts de la Medjerda","TUN",FALSE,"15750",TRUE,1,1,"",0.00136046955558986
46618,72047777.6786332,126.049295471574,2007,FALSE,2,"15750","TUN","Monts de la Medjerda","TUN",FALSE,"15750",TRUE,1,1,"",1.74952371235949e-06
46618,72047777.6786332,13928750.4177136,2010,FALSE,1,"15750","TUN","Monts de la Medjerda","TUN",FALSE,"15750",TRUE,1,1,"",0.193326579479555
6919,132700054.989568,125421579.164853,1980,FALSE,4,"15750","TUN","Monts de la Medjerda","TUN",FALSE,"15750",TRUE,0,1,"",0.945150920809442
46654,23476535.1487219,23032202.4066471,2010,FALSE,1,"15750","TUN","Monts de la Medjerda","TUN",FALSE,"15750",TRUE,1,1,"",0.981073325375317
6922,20587180.1409642,0,0,FALSE,0,"15750","TUN","Monts de la Medjerda","TUN",NA,NA,NA,0,1,"no pas overlapping this kba",0
46607,47080699.6193719,1615335.06529957,1988,TRUE,1,"14099","PSE","Mount Carmel Range","PSE",FALSE,"14099",TRUE,1,1,"",0.0343099205907919
46607,47080699.6193719,3501096.79751202,2003,TRUE,1,"14099","PSE","Mount Carmel Range","PSE",FALSE,"14099",TRUE,1,1,"",0.0743637377060442
46607,47080699.6193719,13035865.3178206,2009,TRUE,1,"14099","PSE","Mount Carmel Range","PSE",FALSE,"14099",TRUE,1,1,"",0.276883424061457
46607,47080699.6193719,506207.685293432,2016,TRUE,1,"14099","PSE","Mount Carmel Range","PSE",FALSE,"14099",TRUE,1,1,"",0.0107519151029172
46608,143196301.964093,48925757.2111328,1991,TRUE,1,"14099","PSE","Mount Carmel Range","PSE",FALSE,"14099",TRUE,1,1,"",0.341669139077355
46608,143196301.964093,13538255.9090844,2005,TRUE,1,"14099","PSE","Mount Carmel Range","PSE",FALSE,"14099",TRUE,1,1,"",0.0945433347327584
46606,57608120.8556523,957364.027931089,1992,TRUE,1,"14099","PSE","Mount Carmel Range","PSE",FALSE,"14099",TRUE,1,1,"",0.0166185602604525
46606,57608120.8556523,659108.303741548,2018,TRUE,1,"14099","PSE","Mount Carmel Range","PSE",FALSE,"14099",TRUE,1,1,"",0.0114412394286053
9638,51657718.1298279,0,0,FALSE,0,"14099","PSE","Mount Carmel Range","PSE",NA,NA,NA,1,1,"no pas overlapping this kba",0
10502,221097298.07053,3235008.70164446,1996,TRUE,1,"14099","PSE","Mount Carmel Range","PSE",TRUE,"14099;19551",TRUE,0,1,"",0.0146316066721561
10502,221097298.07053,1762164.11503903,2001,TRUE,1,"14099","PSE","Mount Carmel Range","PSE",TRUE,"14099;19551",TRUE,0,1,"",0.00797008434936596
10502,221097298.07053,2572814.47133765,2005,TRUE,1,"14099","PSE","Mount Carmel Range","PSE",TRUE,"14099;19551",TRUE,0,1,"",0.0116365712914181
10502,221097298.07053,2301914.73082202,2008,TRUE,1,"14099","PSE","Mount Carmel Range","PSE",TRUE,"14099;19551",TRUE,0,1,"",0.0104113200428515
10502,221097298.07053,85529511.1813894,2011,TRUE,1,"14099","PSE","Mount Carmel Range","PSE",TRUE,"14099;19551",TRUE,0,1,"",0.386841051101879
46605,134947046.536877,20662609.410661,1987,TRUE,1,"14099","PSE","Mount Carmel Range","PSE",FALSE,"14099",TRUE,1,1,"",0.153116425597462
46605,134947046.536877,719975.482564464,1989,TRUE,1,"14099","PSE","Mount Carmel Range","PSE",FALSE,"14099",TRUE,1,1,"",0.00533524446100208
46605,134947046.536877,12365748.596876,1996,TRUE,1,"14099","PSE","Mount Carmel Range","PSE",FALSE,"14099",TRUE,1,1,"",0.0916340810281963
46605,134947046.536877,28763012.0044922,2018,TRUE,1,"14099","PSE","Mount Carmel Range","PSE",FALSE,"14099",TRUE,1,1,"",0.213142953051826
46647,216303129.828402,9660167.29752088,1989,TRUE,1,"14099","PSE","Mount Carmel Range","PSE",TRUE,"14099;19551",TRUE,0,1,"",0.0446603213979591
46647,216303129.828402,9765475.37051513,1990,TRUE,1,"14099","PSE","Mount Carmel Range","PSE",TRUE,"14099;19551",TRUE,0,1,"",0.0451471755321447
46647,216303129.828402,31193815.0819774,1996,TRUE,1,"14099","PSE","Mount Carmel Range","PSE",TRUE,"14099;19551",TRUE,0,1,"",0.144213424497021
46647,216303129.828402,660275.118817704,1998,TRUE,1,"14099","PSE","Mount Carmel Range","PSE",TRUE,"14099;19551",TRUE,0,1,"",0.00305254537621123
46647,216303129.828402,15118623.5086365,2000,TRUE,1,"14099","PSE","Mount Carmel Range","PSE",TRUE,"14099;19551",TRUE,0,1,"",0.0698955374368854
46647,216303129.828402,4746406.38539057,2005,TRUE,1,"14099","PSE","Mount Carmel Range","PSE",TRUE,"14099;19551",TRUE,0,1,"",0.0219433088608381
46647,216303129.828402,14356419.9336331,2006,TRUE,1,"14099","PSE","Mount Carmel Range","PSE",TRUE,"14099;19551",TRUE,0,1,"",0.0663717623735838
46647,216303129.828402,8382423.44342327,2013,TRUE,1,"14099","PSE","Mount Carmel Range","PSE",TRUE,"14099;19551",TRUE,0,1,"",0.038753130618467
46610,156092203.525532,16270362.0513179,1989,TRUE,1,"14099","PSE","Mount Carmel Range","PSE",FALSE,"14099",TRUE,1,1,"",0.1042355843779
46610,156092203.525532,43606.7383979013,1991,TRUE,1,"14099","PSE","Mount Carmel Range","PSE",FALSE,"14099",TRUE,1,1,"",0.000279365256002479
46610,156092203.525532,13318338.7557411,2002,TRUE,1,"14099","PSE","Mount Carmel Range","PSE",FALSE,"14099",TRUE,1,1,"",0.0853235360570887
46609,303778052.494438,54884094.7489452,1996,TRUE,2,"14099","PSE","Mount Carmel Range","PSE",FALSE,"14099",TRUE,1,1,"",0.180671692040523
46609,303778052.494438,21804581.9854591,1997,TRUE,1,"14099","PSE","Mount Carmel Range","PSE",FALSE,"14099",TRUE,1,1,"",0.071778003073011
46609,303778052.494438,10508550.713697,2002,TRUE,1,"14099","PSE","Mount Carmel Range","PSE",FALSE,"14099",TRUE,1,1,"",0.0345928569473905
46609,303778052.494438,25183344.8717421,2003,TRUE,1,"14099","PSE","Mount Carmel Range","PSE",FALSE,"14099",TRUE,1,1,"",0.0829004750835421
46609,303778052.494438,1149480.32625104,2004,TRUE,1,"14099","PSE","Mount Carmel Range","PSE",FALSE,"14099",TRUE,1,1,"",0.00378394790806055
46609,303778052.494438,18194800.2814244,2017,TRUE,1,"14099","PSE","Mount Carmel Range","PSE",FALSE,"14099",TRUE,1,1,"",0.0598950455176727
20515,62739879.97652,26877255.6424728,2018,TRUE,1,"14099","PSE","Mount Carmel Range","PSE",FALSE,"14099",TRUE,1,1,"",0.428391888102615
20516,13892466.7187246,0,0,FALSE,0,"14099","PSE","Mount Carmel Range","PSE",NA,NA,NA,1,1,"no pas overlapping this kba",0
20517,11060677.6684811,0,0,FALSE,0,"14099","PSE","Mount Carmel Range","PSE",NA,NA,NA,1,1,"no pas overlapping this kba",0
8178,21088680.5449739,0,0,FALSE,0,"14099","PSE","Mount Carmel Range","PSE",NA,NA,NA,0,1,"no pas overlapping this kba",0
20518,36113562.3434082,165146.743929826,1989,TRUE,1,"14099","PSE","Mount Carmel Range","PSE",FALSE,"14099",TRUE,1,1,"",0.00457298403185556
20518,36113562.3434082,12365748.596876,1996,TRUE,1,"14099","PSE","Mount Carmel Range","PSE",FALSE,"14099",TRUE,1,1,"",0.342412871909135
20522,21703605.366238,3131528.95808784,1993,TRUE,1,"14099","PSE","Mount Carmel Range","PSE",FALSE,"14099",TRUE,1,1,"",0.144286117686199
20522,21703605.366238,477111.16333174,2010,TRUE,1,"14099","PSE","Mount Carmel Range","PSE",FALSE,"14099",TRUE,1,1,"",0.0219830371627532
9637,216240902.515072,9223170.82568378,2011,TRUE,1,"14099","PSE","Mount Carmel Range","PSE",FALSE,"14099",TRUE,1,1,"",0.0426522952799871
20523,107663580.563736,624119.286134617,1991,TRUE,1,"14099","PSE","Mount Carmel Range","PSE",FALSE,"14099",TRUE,1,1,"",0.0057969397159808
20523,107663580.563736,2382619.96193508,2001,TRUE,1,"14099","PSE","Mount Carmel Range","PSE",FALSE,"14099",TRUE,1,1,"",0.0221302314994493
20523,107663580.563736,223173.892226893,2011,TRUE,1,"14099","PSE","Mount Carmel Range","PSE",FALSE,"14099",TRUE,1,1,"",0.00207288194446382
20523,107663580.563736,175666.900478224,2018,TRUE,1,"14099","PSE","Mount Carmel Range","PSE",FALSE,"14099",TRUE,1,1,"",0.00163162788715012
20521,51927238.0670564,459239.982492059,1995,TRUE,1,"14099","PSE","Mount Carmel Range","PSE",FALSE,"14099",TRUE,1,1,"",0.00884391312896361
20521,51927238.0670564,3356664.35118912,1996,TRUE,1,"14099","PSE","Mount Carmel Range","PSE",FALSE,"14099",TRUE,1,1,"",0.0646416885653436
20521,51927238.0670564,41515.9464452639,2006,TRUE,1,"14099","PSE","Mount Carmel Range","PSE",FALSE,"14099",TRUE,1,1,"",0.000799502303427965
20521,51927238.0670564,377909.704536554,2014,TRUE,1,"14099","PSE","Mount Carmel Range","PSE",FALSE,"14099",TRUE,1,1,"",0.00727767773915761
20520,25189935.2529246,3730071.08514579,2011,TRUE,1,"14099","PSE","Mount Carmel Range","PSE",FALSE,"14099",TRUE,1,1,"",0.148077835361356
6044,48690890.3511621,0,0,FALSE,0,"14277","BVT","Bouvet Island","BVT",NA,NA,NA,1,1,"no PAs in this range",0
